0.precision	0.recall	0.f1-score	0.support	1.precision	1.recall	1.f1-score	1.support	2.precision	2.recall	2.f1-score	2.support	accuracy	macro avg.precision	macro avg.recall	macro avg.f1-score	macro avg.support	weighted avg.precision	weighted avg.recall	weighted avg.f1-score	weighted avg.support
0.543859649122807	0.7560975609756098	0.6326530612244897	41	0.45454545454545453	0.2631578947368421	0.3333333333333333	19	0.16666666666666666	0.07142857142857142	0.1	14	0.5	0.3883572567783094	0.36356134238034105	0.35532879818594104	74	0.4495667916720548	0.5	0.45502849788564065	74
0.6170212765957447	0.7073170731707317	0.6590909090909092	41	0.35	0.3684210526315789	0.358974358974359	19	0.5714285714285714	0.2857142857142857	0.38095238095238093	14	0.5405405405405406	0.5128166160081054	0.45381747050553206	0.4663392163392164	74	0.5398361127084531	0.5405405405405406	0.5294131544131545	74
0.6382978723404256	0.7317073170731707	0.6818181818181819	41	0.4444444444444444	0.21052631578947367	0.2857142857142857	19	0.16666666666666666	0.21428571428571427	0.1875	14	0.5	0.41646966115051226	0.38550644904945286	0.3850108225108226	74	0.4992971695099355	0.5	0.4865961740961741	74
0.5571428571428572	0.9512195121951219	0.7027027027027027	41	0.0	0.0	0.0	19	0.25	0.07142857142857142	0.11111111111111112	14	0.5405405405405406	0.26904761904761904	0.3408826945412311	0.2712712712712713	74	0.35598455598455603	0.5405405405405406	0.4103563022481942	74
0.5416666666666666	0.9512195121951219	0.6902654867256637	41	0.0	0.0	0.0	19	0.0	0.0	0.0	14	0.527027027027027	0.18055555555555555	0.3170731707317073	0.23008849557522124	74	0.3001126126126126	0.527027027027027	0.3824443912939488	74
0.5740740740740741	0.7560975609756098	0.6526315789473683	41	0.4117647058823529	0.3684210526315789	0.3888888888888889	19	0.3333333333333333	0.07142857142857142	0.11764705882352941	14	0.527027027027027	0.4397240377632534	0.3986490616785867	0.38638917555326224	74	0.48685450156038396	0.527027027027027	0.4837005736386541	74
0.62	0.7560975609756098	0.6813186813186813	41	0.2631578947368421	0.2631578947368421	0.2631578947368421	19	0.2	0.07142857142857142	0.10526315789473682	14	0.5	0.36105263157894735	0.36356134238034105	0.3499132446500867	74	0.4489189189189189	0.5	0.4649695965485439	74
0.5694444444444444	1.0	0.7256637168141593	41	0.0	0.0	0.0	19	1.0	0.07142857142857142	0.13333333333333333	14	0.5675675675675675	0.5231481481481481	0.35714285714285715	0.2863323500491642	74	0.5046921921921922	0.5675675675675675	0.4272821494060432	74
