0.precision	0.recall	0.f1-score	0.support	1.precision	1.recall	1.f1-score	1.support	2.precision	2.recall	2.f1-score	2.support	accuracy	macro avg.precision	macro avg.recall	macro avg.f1-score	macro avg.support	weighted avg.precision	weighted avg.recall	weighted avg.f1-score	weighted avg.support
0.3072289156626506	0.26153846153846155	0.28254847645429365	195	0.2556390977443609	0.22077922077922077	0.23693379790940766	154	0.6086021505376344	0.6819277108433734	0.6431818181818182	415	0.4816753926701571	0.3904900546482153	0.38808179772035195	0.3875546975151732	764	0.4605339686910559	0.4816753926701571	0.4692476601205374	764
0.2764227642276423	0.17435897435897435	0.21383647798742136	195	0.25333333333333335	0.24675324675324675	0.25	154	0.5519348268839104	0.653012048192771	0.5982339955849889	415	0.4489528795811518	0.36056364148162867	0.35804142310166404	0.3540234911908034	764	0.4214250333960031	0.4489528795811518	0.42992830022947326	764
0.3524590163934426	0.2205128205128205	0.27129337539432175	195	0.2634730538922156	0.2857142857142857	0.2741433021806854	154	0.6021052631578947	0.689156626506024	0.6426966292134831	415	0.4882198952879581	0.40601244448118434	0.39846124424437673	0.3960444355961634	764	0.47012832815006395	0.4882198952879581	0.4736117511273741	764
0.31683168316831684	0.1641025641025641	0.2162162162162162	195	0.2774869109947644	0.34415584415584416	0.3072463768115943	154	0.6101694915254238	0.6939759036144578	0.649379932356257	415	0.4882198952879581	0.40149602856283506	0.40074477062428865	0.39094750846135584	764	0.4682401852016575	0.4882198952879581	0.46985703680496643	764
0.29457364341085274	0.19487179487179487	0.23456790123456792	195	0.21402877697841727	0.7727272727272727	0.3352112676056338	154	0.620253164556962	0.1180722891566265	0.19838056680161945	415	0.2696335078534031	0.37628519498207735	0.36189045225189803	0.2560532452139404	764	0.45524522959546043	0.2696335078534031	0.23519792038570733	764
