0.precision	0.recall	0.f1-score	0.support	1.precision	1.recall	1.f1-score	1.support	2.precision	2.recall	2.f1-score	2.support	accuracy	macro avg.precision	macro avg.recall	macro avg.f1-score	macro avg.support	weighted avg.precision	weighted avg.recall	weighted avg.f1-score	weighted avg.support
0.29508196721311475	0.36923076923076925	0.32801822323462415	195	0.24065420560747663	0.6688311688311688	0.3539518900343642	154	0.5760869565217391	0.12771084337349398	0.20907297830374755	415	0.29842931937172773	0.3706077097807768	0.388590927145144	0.2970143638575786	764	0.43675107097726507	0.29842931937172773	0.2686353803561506	764
0.2540322580645161	0.3230769230769231	0.28442437923250563	195	0.22706422018348624	0.6428571428571429	0.3355932203389831	154	0.6375	0.12289156626506025	0.20606060606060606	415	0.2787958115183246	0.37286549274933406	0.3629418773997088	0.2753594018773649	764	0.45689356051156743	0.2787958115183246	0.2521718081121643	764
0.22602739726027396	0.16923076923076924	0.19354838709677422	195	0.2155688622754491	0.7012987012987013	0.3297709923664122	154	0.5811965811965812	0.163855421686747	0.2556390977443609	415	0.27356020942408377	0.34093094691076814	0.3447949640720725	0.2596528257358491	764	0.4168449325297825	0.27356020942408377	0.25473415428299506	764
0.3147410358565737	0.40512820512820513	0.3542600896860986	195	0.22794117647058823	0.6038961038961039	0.3309608540925267	154	0.6952380952380952	0.17590361445783131	0.28076923076923077	415	0.3206806282722513	0.41264010252175237	0.3949759744940467	0.3219967248492854	764	0.5039283412203036	0.3206806282722513	0.30964387406841504	764
0.3150684931506849	0.35384615384615387	0.3333333333333333	195	0.23146067415730337	0.6688311688311688	0.34390651085141904	154	0.69	0.16626506024096385	0.26796116504854367	415	0.31544502617801046	0.4121763891026628	0.39631412763942886	0.31506700307776536	764	0.5018760471002726	0.31544502617801046	0.29995482482495306	764
