0.precision	0.recall	0.f1-score	0.support	1.precision	1.recall	1.f1-score	1.support	2.precision	2.recall	2.f1-score	2.support	accuracy	macro avg.precision	macro avg.recall	macro avg.f1-score	macro avg.support	weighted avg.precision	weighted avg.recall	weighted avg.f1-score	weighted avg.support
0.28695652173913044	0.3384615384615385	0.31058823529411766	195	0.25728155339805825	0.34415584415584416	0.29444444444444445	154	0.6067073170731707	0.4795180722891566	0.5356662180349933	415	0.4162303664921466	0.3836484640701198	0.3873784849688464	0.3802329659245185	764	0.45466154129292835	0.4162303664921466	0.42959506650696283	764
0.2895927601809955	0.3282051282051282	0.3076923076923077	195	0.21393034825870647	0.2792207792207792	0.24225352112676057	154	0.5964912280701754	0.491566265060241	0.5389696169088507	415	0.40706806282722513	0.36667144550329245	0.3663307241620495	0.3629718152426397	764	0.44104675591133213	0.40706806282722513	0.42013014826007095	764
0.25820568927789933	0.6051282051282051	0.36196319018404904	195	0.225	0.35064935064935066	0.27411167512690354	154	0.6268656716417911	0.10120481927710843	0.17427385892116182	415	0.2801047120418848	0.37002378697323013	0.3523274583515547	0.2701162414107048	764	0.4517661821211174	0.2801047120418848	0.24230323495774195	764
0.35648148148148145	0.39487179487179486	0.3746958637469586	195	0.28085106382978725	0.42857142857142855	0.3393316195372751	154	0.645367412140575	0.4867469879518072	0.5549450549450549	415	0.45157068062827227	0.4275666524839479	0.43673007046501017	0.4229908460764295	764	0.49815762926310836	0.45157068062827227	0.46547769717486265	764
0.31932773109243695	0.38974358974358975	0.3510392609699769	195	0.2796208530805687	0.38311688311688313	0.32328767123287677	154	0.6285714285714286	0.4771084337349398	0.5424657534246575	415	0.43586387434554974	0.40917333758147806	0.4166563021984709	0.405597561875837	764	0.4793032222442089	0.43586387434554974	0.4494270221600018	764
0.2982456140350877	0.3487179487179487	0.3215130023640662	195	0.2318181818181818	0.33116883116883117	0.27272727272727276	154	0.6107594936708861	0.4650602409638554	0.5280437756497948	415	0.4083769633507853	0.38027442984138515	0.3816490069502117	0.37409468358037784	764	0.45461136729091595	0.4083769633507853	0.42386544810949967	764
