0.precision	0.recall	0.f1-score	0.support	1.precision	1.recall	1.f1-score	1.support	2.precision	2.recall	2.f1-score	2.support	accuracy	macro avg.precision	macro avg.recall	macro avg.f1-score	macro avg.support	weighted avg.precision	weighted avg.recall	weighted avg.f1-score	weighted avg.support
0.2891566265060241	0.36923076923076925	0.32432432432432434	195	0.24146341463414633	0.6428571428571429	0.35106382978723405	154	0.7523809523809524	0.19036144578313252	0.3038461538461538	415	0.32722513089005234	0.42766699784037426	0.4008164526236815	0.32641143598590405	764	0.5311636168330216	0.32722513089005234	0.3185906110950669	764
0.32936507936507936	0.4256410256410256	0.3713646532438478	195	0.23869346733668342	0.6168831168831169	0.34420289855072467	154	0.7894736842105263	0.21686746987951808	0.3402646502835539	415	0.3507853403141361	0.45251074363742977	0.4197972041345535	0.35194406735937545	764	0.5610164442322096	0.3507853403141361	0.34899631364795397	764
0.23493975903614459	0.2	0.21606648199445988	195	0.21428571428571427	0.5844155844155844	0.313588850174216	154	0.5056179775280899	0.21686746987951808	0.30354131534569984	415	0.28664921465968585	0.31828115028331627	0.3337610180983675	0.27773221583812524	764	0.3778072168667611	0.28664921465968585	0.283239912021223	764
0.27380952380952384	0.35384615384615387	0.30872483221476515	195	0.2639593908629442	0.6753246753246753	0.3795620437956205	154	0.7033898305084746	0.2	0.3114446529080675	415	0.33507853403141363	0.4137195817269809	0.4097236097236097	0.3332438429728177	764	0.5051693494722088	0.33507853403141363	0.32448092667965023	764
0.2111801242236025	0.17435897435897435	0.19101123595505617	195	0.1912442396313364	0.538961038961039	0.28231292517006806	154	0.48520710059171596	0.19759036144578312	0.2808219178082192	415	0.2604712041884817	0.2958771548155516	0.3036367915885988	0.25138202631111445	764	0.3560113663251184	0.2604712041884817	0.2581995777196825	764
